Date,Open,High,Low,Close,Vol
2017-08-17,301.13,312.18,298.0,302.0,7030.71034
2017-08-18,302.0,311.79,283.94,293.96,9537.84646
2017-08-19,293.31,299.9,278.0,290.91,2146.19773
2017-08-20,289.41,300.53,282.85,299.1,2510.13871
2017-08-21,299.1,346.52,294.6,323.29,5219.44542
2017-08-22,321.04,330.41,144.21,309.8,7956.35088
2017-08-23,312.25,324.99,309.41,315.74,8665.72569
2017-08-24,315.74,328.04,314.01,323.42,6753.27192
2017-08-25,323.42,338.28,323.42,327.24,7125.96962
2017-08-26,327.24,335.44,323.41,330.79,4877.68521
2017-08-27,332.18,348.13,330.73,348.13,4635.43715
2017-08-28,348.11,351.0,331.95,346.0,4279.1817
2017-08-29,347.0,377.6,346.0,374.7,3032.13425
2017-08-30,374.7,393.71,362.05,385.93,4446.59608
2017-08-31,384.64,389.36,377.78,384.79,4435.86855
2017-09-01,386.44,394.39,383.18,388.46,4198.68434
2017-09-02,388.58,394.32,320.08,343.14,8240.32724
2017-09-03,343.56,367.28,320.08,341.77,5253.62211
2017-09-04,339.29,344.55,267.94,283.77,6737.81061
2017-09-05,286.81,321.52,235.55,312.09,8344.41924
2017-09-06,313.29,336.34,312.09,335.0,5486.30988
2017-09-07,335.01,342.5,320.17,334.49,3103.89745
2017-09-08,334.49,335.1,272.0,302.99,4915.75693
2017-09-09,300.01,307.0,281.66,296.74,2740.58822
2017-09-10,296.72,302.78,261.03,293.5,4156.45099
2017-09-11,293.51,304.98,285.21,297.3,4829.64647
2017-09-12,297.78,316.46,286.01,293.96,5176.31402
2017-09-13,293.93,294.5,257.05,276.91,6451.22836
2017-09-14,275.76,283.77,215.0,215.21,12601.95676
2017-09-15,217.0,270.93,192.0,253.0,14223.8953
2017-09-16,255.99,271.81,235.51,249.31,10362.06011
2017-09-17,249.32,264.39,239.02,257.55,4614.53337
2017-09-18,257.53,306.22,257.11,294.57,4125.97051
2017-09-19,296.0,300.0,277.41,284.0,1869.90852
2017-09-20,284.01,294.0,275.91,282.0,1060.56734
2017-09-21,285.1,287.0,252.1,257.0,1912.55583
2017-09-22,258.0,272.97,253.01,264.0,1464.5125
2017-09-23,259.99,286.23,255.11,285.93,2824.33572
2017-09-24,286.5,294.61,275.0,282.0,5575.54422
2017-09-25,282.0,299.0,281.34,294.42,5870.48035
2017-09-26,294.42,296.81,286.24,287.9,4566.92804
2017-09-27,289.91,313.0,286.13,309.74,5518.10382
2017-09-28,309.81,311.81,296.89,302.44,6600.90922
2017-09-29,302.44,303.0,274.0,292.22,11089.19902
2017-09-30,292.62,307.49,292.22,304.36,4020.60795
2017-10-01,305.13,306.0,294.0,303.95,5060.05758
2017-10-02,303.94,305.0,295.0,296.5,3710.83747
2017-10-03,298.15,301.99,283.18,292.48,5546.85702
2017-10-04,292.47,297.97,288.0,291.99,4014.88792
2017-10-05,290.0,297.44,285.53,294.81,3412.39016
2017-10-06,294.78,310.8,293.78,310.8,3541.02359
2017-10-07,309.9,318.5,303.6,311.01,2165.79076
2017-10-08,311.08,317.07,309.0,311.07,2960.93198
2017-10-09,311.13,312.13,286.65,297.19,4885.37863
2017-10-10,297.35,308.56,293.0,298.64,6749.27468
2017-10-11,300.88,305.5,298.02,304.01,3724.6863
2017-10-12,304.01,310.0,302.71,303.99,7827.75596
2017-10-13,303.52,353.96,297.0,337.96,17925.36585
2017-10-14,337.96,349.8,335.0,342.0,7731.96469
2017-10-15,342.0,348.0,316.17,337.96,10011.34708
2017-10-16,337.5,354.0,332.78,335.19,8663.47097
2017-10-17,335.18,336.58,312.65,315.19,8146.74356
2017-10-18,315.19,318.0,284.68,309.7,12908.0454
2017-10-19,311.52,315.0,300.0,308.66,8678.74739
2017-10-20,308.66,311.18,302.0,304.51,8739.31764
2017-10-21,304.51,305.34,290.0,298.94,8591.63121
2017-10-22,298.99,306.99,290.0,293.79,7173.06893
2017-10-23,293.78,294.6,272.2,281.09,9658.78404
2017-10-24,282.27,310.0,275.5,297.38,14066.67924
2017-10-25,295.43,300.0,281.0,294.49,9703.09261
2017-10-26,294.1,299.76,291.03,294.71,7813.02717
2017-10-27,294.72,298.1,292.03,296.33,6272.14802
2017-10-28,296.14,297.0,290.1,291.87,5848.86589
2017-10-29,291.86,309.4,291.86,305.0,9019.13315
2017-10-30,305.0,316.0,302.1,307.25,8946.12026
2017-10-31,305.95,309.99,304.01,304.9,7640.41182
2017-11-01,304.89,305.9,286.34,287.01,9843.1666
2017-11-02,287.3,293.0,274.73,283.12,13423.8572
2017-11-03,283.12,307.0,282.0,304.08,8194.03465
2017-11-04,304.09,304.99,292.11,298.04,7828.41744
2017-11-05,298.1,302.14,293.13,295.53,6638.42119
2017-11-06,295.19,305.58,290.11,297.97,7515.50103
2017-11-07,297.25,303.52,287.0,291.78,9418.57881
2017-11-08,291.31,320.0,290.02,303.02,15961.85772
2017-11-09,303.6,329.0,299.5,317.87,11151.29946
2017-11-10,318.5,322.65,285.82,293.5,15597.16557
2017-11-11,293.52,318.0,291.91,310.02,10850.16279
2017-11-12,310.87,316.99,281.01,305.24,21123.15319
2017-11-13,304.0,318.88,303.7,312.99,15551.67434
2017-11-14,313.0,337.54,312.94,335.61,17709.2227
2017-11-15,335.6,339.0,324.0,331.33,15597.16131
2017-11-16,330.98,334.75,321.41,331.49,14145.71696
2017-11-17,331.49,334.6,323.84,331.23,18042.02544
2017-11-18,331.2,349.9,326.01,346.66,14361.4973
2017-11-19,346.66,373.56,343.07,354.15,19397.74898
2017-11-20,355.15,372.5,353.9,367.42,18277.0194
2017-11-21,367.42,375.5,350.02,362.12,26237.64398
2017-11-22,362.12,384.84,359.0,380.65,18121.58484
2017-11-23,380.63,425.0,370.02,405.0,25409.00111
2017-11-24,405.03,475.0,392.8,469.0,30398.35831
2017-11-25,467.57,484.47,450.0,461.82,21428.63117
2017-11-26,461.0,465.0,436.14,462.84,21691.11759
2017-11-27,462.84,486.94,453.0,472.31,23761.11416
2017-11-28,472.32,477.5,453.5,466.17,23967.24816
2017-11-29,466.17,515.0,385.0,421.7,51313.49571
2017-11-30,421.92,460.0,387.01,427.43,45184.22265
2017-12-01,428.05,465.97,413.74,457.51,33072.21995
2017-12-02,457.53,471.91,445.0,457.63,25796.14
2017-12-03,457.31,485.9,440.11,460.3,24490.05997
2017-12-04,460.3,470.98,445.0,466.67,23182.65949
2017-12-05,466.66,468.67,445.21,452.26,25387.11695
2017-12-06,452.26,455.1,400.0,411.01,38638.76036
2017-12-07,413.5,427.61,375.01,406.33,41343.73269
2017-12-08,406.52,456.78,390.0,442.56,41064.60305
2017-12-09,442.56,488.0,426.4,460.0,41918.34044
2017-12-10,460.0,460.05,403.2,427.35,34919.25938
2017-12-11,427.35,512.0,427.35,508.7,29763.16644
2017-12-12,508.44,639.27,494.89,620.0,59387.02259
2017-12-13,622.0,705.69,539.93,683.99,57694.18773
2017-12-14,683.98,747.6,630.5,679.76,60919.26902
2017-12-15,679.76,689.0,594.6,674.95,39778.16165
2017-12-16,673.75,712.0,669.22,682.81,26866.0533
2017-12-17,681.8,728.0,680.33,707.64,31398.4476
2017-12-18,707.62,798.88,638.0,784.0,45673.70777
2017-12-19,784.0,864.9,729.01,798.0,69423.62125
2017-12-20,798.0,828.0,661.0,790.21,72526.28416
2017-12-21,794.62,845.99,705.98,782.41,78222.53998
2017-12-22,784.0,796.0,504.99,635.97,154630.49482
2017-12-23,635.15,714.99,627.97,640.34,79001.05634
2017-12-24,640.33,667.64,563.49,658.0,95431.94156
2017-12-25,659.4,744.0,599.99,714.95,78544.84102
2017-12-26,713.12,750.0,712.56,750.0,60052.47905
2017-12-27,750.0,766.05,693.18,739.89,51339.2782
2017-12-28,739.89,744.93,645.88,707.89,72679.61288
2017-12-29,709.5,757.87,703.0,733.99,64028.12647
2017-12-30,732.9,735.0,635.82,681.06,89879.99994
2017-12-31,680.01,740.0,672.86,733.98,62628.24458
2018-01-01,733.01,763.55,716.8,754.99,53909.25885
2018-01-02,754.99,899.5,749.06,855.28,113257.78355
2018-01-03,855.13,950.01,810.0,934.03,89041.45688
2018-01-04,934.03,1009.72,890.01,940.0,102894.47384
2018-01-05,940.0,1045.0,930.0,959.3,97374.0163
2018-01-06,958.0,1017.56,950.0,1004.11,71954.27895
2018-01-07,1003.71,1125.0,999.9,1123.09,65278.81957
2018-01-08,1123.09,1239.18,910.0,1133.18,158831.54798
2018-01-09,1133.18,1326.5,1104.85,1291.0,118702.88684
2018-01-10,1291.0,1440.0,1201.1,1247.0,160185.0129
2018-01-11,1249.03,1332.49,1021.0,1138.93,194546.29387
2018-01-12,1136.45,1288.5,1069.01,1253.87,93763.47261
2018-01-13,1253.87,1427.01,1252.0,1388.02,75893.43201
2018-01-14,1388.1,1391.89,1220.89,1347.0,98391.19585
2018-01-15,1347.99,1383.13,1258.12,1271.0,69236.70476
2018-01-16,1268.67,1275.01,780.0,1000.0,343889.36509
2018-01-17,999.99,1075.51,755.0,1000.0,436333.67326
2018-01-18,1000.0,1075.2,924.21,994.0,294545.71207
2018-01-19,993.3,1079.0,941.0,1032.5,167954.11253
2018-01-20,1032.5,1165.4,1031.0,1152.75,123352.58362
2018-01-21,1150.37,1152.69,998.0,1049.0,175031.00789
2018-01-22,1049.0,1090.15,908.0,993.0,185212.52002
2018-01-23,993.0,1030.0,909.0,980.0,160159.63958
2018-01-24,981.2,1074.0,953.09,1061.0,134257.7947
2018-01-25,1060.34,1115.0,1030.26,1056.52,119415.93495
2018-01-26,1055.29,1082.0,986.0,1051.03,145113.638
2018-01-27,1051.03,1127.99,1032.2,1118.99,96894.33839
2018-01-28,1118.99,1277.0,1112.0,1251.96,143510.73586
2018-01-29,1251.96,1258.89,1161.65,1177.01,105292.76808
2018-01-30,1177.01,1186.85,1051.0,1085.5,155278.55404
2018-01-31,1084.63,1135.0,1029.0,1124.81,100372.03783
2018-02-01,1125.96,1164.99,981.0,1041.94,203355.29052
2018-02-02,1041.89,1047.2,783.67,922.3,377375.22874
2018-02-03,923.67,998.0,851.0,971.0,160037.88129
2018-02-04,971.0,975.0,789.0,823.56,186446.0316
2018-02-05,821.6,862.47,634.94,697.92,365516.52899
2018-02-06,697.93,798.0,570.1,779.25,648944.4204
2018-02-07,779.99,849.0,714.18,754.0,356403.4441
2018-02-08,753.19,786.93,751.0,781.66,10516.2619
2018-02-09,781.66,882.2,781.66,877.0,95447.67289
2018-02-10,876.3,911.2,800.0,851.15,214818.06768
2018-02-11,851.15,857.0,768.28,808.99,189323.408
2018-02-12,808.58,877.56,807.46,866.66,143586.93121
2018-02-13,866.39,871.0,820.0,841.57,110305.93537
2018-02-14,841.57,924.99,841.3,919.09,150342.85558
2018-02-15,919.09,946.66,895.59,924.55,155637.78524
2018-02-16,924.55,948.48,901.36,938.67,115540.16349
2018-02-17,938.6,974.0,933.48,969.99,110091.03618
2018-02-18,969.99,978.5,897.0,911.0,160129.79518
2018-02-19,911.0,956.22,906.04,938.11,80099.49534
2018-02-20,939.17,961.0,873.0,882.99,120056.67502
2018-02-21,882.99,908.88,812.87,835.89,176200.55151
2018-02-22,836.35,871.96,786.6,801.49,137561.85113
2018-02-23,801.47,885.0,785.99,851.6,154507.41338
2018-02-24,851.59,875.0,805.0,833.94,89311.5794
2018-02-25,833.92,849.5,813.18,841.19,59431.26474
2018-02-26,841.46,882.0,833.0,867.98,74911.4656
2018-02-27,867.98,897.49,860.69,870.11,63487.68425
2018-02-28,871.84,891.0,850.3,853.5,53620.45209
2018-03-01,853.5,879.96,848.65,870.63,43785.00503
2018-03-02,870.63,876.22,850.0,856.28,39436.26006
2018-03-03,856.27,870.78,852.3,856.02,34170.2942
2018-03-04,856.51,868.0,836.24,866.66,29735.01829
2018-03-05,866.61,871.75,847.2,849.84,30567.79813
2018-03-06,849.81,853.18,803.01,813.11,48658.06883
2018-03-07,813.31,826.2,718.4,749.9,109013.2838
2018-03-08,749.02,772.07,684.0,695.46,76312.77819
2018-03-09,695.48,727.92,640.0,723.71,116545.37303
2018-03-10,723.65,745.0,673.06,680.58,63012.67972
2018-03-11,680.58,735.0,659.15,720.85,73967.35869
2018-03-12,721.0,740.5,676.31,697.11,67732.85988
2018-03-13,696.52,713.76,680.0,689.94,55735.18315
2018-03-14,690.16,703.54,585.0,610.1,89904.25415
2018-03-15,610.1,621.12,570.0,608.83,94426.72453
2018-03-16,608.83,625.3,584.15,599.05,64720.20994
2018-03-17,599.03,609.26,544.0,546.95,68022.4592
2018-03-18,547.98,560.0,450.0,537.0,248817.226
2018-03-19,537.39,560.0,515.8,556.88,184798.77062
2018-03-20,556.88,567.87,515.0,557.0,135426.91549
2018-03-21,557.0,590.52,545.11,559.17,117019.17321
2018-03-22,559.15,578.6,516.0,539.92,111106.19916
2018-03-23,539.78,544.72,506.71,543.03,106416.06746
2018-03-24,543.2,545.99,518.63,520.22,87710.78945
2018-03-25,521.17,536.0,512.0,523.74,71903.1713
2018-03-26,523.95,527.67,465.56,485.0,151084.23688
2018-03-27,485.0,491.55,446.0,448.5,138188.76042
2018-03-28,448.5,466.0,440.14,446.67,89895.47885
2018-03-29,446.07,449.43,380.0,384.0,225341.94316
2018-03-30,383.87,412.04,366.0,392.43,292254.79437
2018-03-31,392.4,419.4,388.52,393.92,167833.59399
2018-04-01,393.93,399.91,356.9,378.58,150493.99422
2018-04-02,378.58,394.87,375.0,385.05,113242.14191
2018-04-03,385.0,419.08,380.13,415.01,137897.55565
2018-04-04,415.0,416.5,370.0,378.16,140598.39668
2018-04-05,378.15,387.03,365.61,381.22,120314.05875
2018-04-06,381.56,385.91,362.54,368.89,74458.69141
2018-04-07,368.89,394.75,368.28,384.51,71463.42848
2018-04-08,384.51,404.05,384.0,400.4,57395.52936
2018-04-09,400.4,431.99,387.1,399.44,151653.50413
2018-04-10,399.25,418.68,391.4,416.07,81394.29605
2018-04-11,415.53,433.54,410.38,429.52,86706.68627
2018-04-12,429.9,499.0,412.88,495.67,249766.38316
2018-04-13,494.3,530.0,480.22,495.11,251752.08782
2018-04-14,494.69,515.0,485.58,502.68,121283.3338
2018-04-15,502.68,535.0,502.51,533.88,108739.15395
2018-04-16,533.88,538.0,497.31,511.46,130359.52549
2018-04-17,512.09,521.2,500.02,502.56,96541.96382
2018-04-18,502.56,526.99,501.12,526.09,73161.95251
2018-04-19,526.49,571.61,521.03,568.14,112235.77328
2018-04-20,568.14,622.17,556.5,617.09,160209.03951
2018-04-21,616.8,624.5,570.23,604.87,159364.95353
2018-04-22,604.87,643.49,589.0,620.92,120127.3728
2018-04-23,620.67,649.11,618.02,645.09,77475.70793
2018-04-24,644.58,712.99,643.76,701.58,171437.66972
2018-04-25,701.16,703.3,593.83,618.0,341439.50428
2018-04-26,617.73,666.19,600.0,661.51,155754.00815
2018-04-27,661.51,686.82,635.73,643.46,134803.48389
2018-04-28,643.41,694.9,638.76,682.86,113128.36337
2018-04-29,683.5,700.49,665.28,690.85,110020.23869
2018-04-30,690.85,695.3,662.2,670.78,112494.9172
2018-05-01,670.78,675.6,627.58,672.0,133123.66675
2018-05-02,671.99,691.99,663.0,688.56,86185.5033
2018-05-03,688.55,792.08,685.39,779.0,229419.209
2018-05-04,779.0,810.0,756.91,785.99,179924.40215
2018-05-05,785.8,832.66,781.56,819.5,128631.18764
2018-05-06,819.5,839.99,752.49,794.3,166871.16002
2018-05-07,794.3,799.14,701.0,752.49,284237.06328
2018-05-08,753.0,777.0,720.02,748.99,135106.19621
2018-05-09,748.99,760.74,710.26,751.75,112353.37758
2018-05-10,752.4,769.88,720.0,722.52,102019.29933
2018-05-11,722.52,737.23,663.0,676.96,216953.54991
2018-05-12,676.96,690.2,633.2,684.11,166801.07487
2018-05-13,684.56,742.0,666.31,729.08,136022.39207
2018-05-14,729.08,743.9,686.0,727.49,183466.9224
2018-05-15,727.49,740.0,695.0,704.91,127191.21863
2018-05-16,704.91,712.84,673.52,706.29,118902.46895
2018-05-17,706.8,719.25,662.0,667.62,106723.38375
2018-05-18,667.62,694.9,656.0,692.6,106541.66307
2018-05-19,693.26,717.8,682.31,697.0,88828.85641
2018-05-20,697.0,729.88,688.4,716.16,86004.7409
2018-05-21,716.16,720.46,688.0,696.7,96085.15451
2018-05-22,697.1,699.6,637.32,640.99,107059.5769
2018-05-23,640.86,669.0,560.0,577.19,257099.77096
2018-05-24,577.19,612.1,550.0,602.18,195854.62497
2018-05-25,602.08,617.46,568.7,585.55,118076.26273
2018-05-26,585.56,607.62,578.32,586.0,77654.12532
2018-05-27,586.03,592.0,557.43,570.4,97097.26713
2018-05-28,570.81,576.2,506.11,511.5,153197.83278
2018-05-29,511.5,573.43,510.0,567.36,189082.83788
2018-05-30,567.09,585.83,541.2,557.19,122132.2701
2018-05-31,557.87,586.73,552.98,577.81,100101.52276
2018-06-01,577.81,590.26,564.93,579.0,83840.84162
2018-06-02,579.0,599.17,572.9,590.85,80258.14719
2018-06-03,590.85,628.81,590.1,619.66,84123.33235
2018-06-04,619.66,625.47,580.15,591.02,96339.44507
2018-06-05,591.02,614.0,570.36,609.05,89053.74351
2018-06-06,609.29,613.35,593.4,607.4,70152.92117
2018-06-07,606.68,618.0,598.24,605.16,60174.1888
2018-06-08,605.2,608.45,593.33,598.68,49228.00755
2018-06-09,599.29,608.97,591.0,592.87,38908.0653
2018-06-10,592.44,592.87,501.13,524.11,190350.58429
2018-06-11,524.64,535.51,508.66,531.69,145813.07819
2018-06-12,531.08,538.88,482.0,493.0,158223.14812
2018-06-13,493.0,501.97,449.06,475.47,181842.19417
2018-06-14,475.47,529.0,460.0,519.29,206093.0733
2018-06-15,519.3,521.0,481.62,487.48,160532.53607
2018-06-16,487.47,503.28,483.72,496.74,131095.45173
2018-06-17,496.45,507.6,492.7,497.14,117316.93221
2018-06-18,497.15,524.48,487.27,517.95,143826.68272
2018-06-19,517.77,548.2,510.01,537.97,148148.38064
2018-06-20,537.68,542.02,515.08,536.49,123892.0424
2018-06-21,536.34,544.98,521.11,526.18,79862.90544
2018-06-22,526.32,526.44,450.0,462.09,212659.53437
2018-06-23,462.4,481.0,455.0,473.41,94465.26834
2018-06-24,473.4,475.81,419.53,454.41,198264.10079
2018-06-25,454.29,474.47,444.37,458.7,122942.1165
2018-06-26,459.04,460.81,429.0,429.34,84003.09976
2018-06-27,429.81,445.95,420.19,441.64,99156.36437
2018-06-28,441.36,443.96,416.45,420.22,112309.56714
2018-06-29,420.48,442.0,404.48,434.77,159495.30942
2018-06-30,434.77,463.15,434.51,454.09,157169.20242
2018-07-01,454.2,457.77,443.73,452.1,111226.62846
2018-07-02,452.14,481.83,444.16,476.25,182585.11018
2018-07-03,476.32,486.98,457.0,461.82,186954.55478
2018-07-04,461.78,482.7,458.02,467.38,101886.20199
2018-07-05,467.19,480.0,458.8,467.87,125806.0083
2018-07-06,467.79,476.0,451.29,470.47,100428.64802
2018-07-07,470.48,487.99,461.5,485.57,83629.95382
2018-07-08,485.57,495.98,482.05,486.77,144703.13626
2018-07-09,486.55,488.98,468.2,471.71,89532.14109
2018-07-10,471.73,473.23,427.69,432.48,173640.9762
2018-07-11,432.55,452.69,424.2,444.99,159022.59726
2018-07-12,444.99,445.36,416.94,431.14,181877.07924
2018-07-13,431.14,442.47,424.62,432.46,150320.32532
2018-07-14,432.43,440.0,428.26,433.19,122253.69397
2018-07-15,433.2,455.0,430.52,449.78,140415.27048
2018-07-16,449.79,480.57,444.03,478.49,172440.71343
2018-07-17,478.49,512.0,465.29,498.76,215318.06761
2018-07-18,498.89,515.47,468.01,479.41,236137.8071
2018-07-19,479.4,484.15,462.57,468.57,171308.06705
2018-07-20,468.7,471.02,440.0,449.04,160873.38244
2018-07-21,449.04,468.97,441.18,460.23,74259.64067
2018-07-22,460.23,472.2,454.19,457.47,60684.89595
2018-07-23,457.47,469.82,447.11,450.05,106561.46081
2018-07-24,450.05,484.27,448.47,479.28,158286.759
2018-07-25,479.24,485.77,464.0,472.1,170475.54936
2018-07-26,472.11,485.0,460.0,462.64,173976.2192
2018-07-27,462.17,474.0,455.84,470.09,198304.79211
2018-07-28,470.09,472.0,460.82,469.29,156862.59361
2018-07-29,468.44,472.0,461.6,466.4,138747.56334
2018-07-30,466.4,469.79,446.1,456.23,179581.79415
2018-07-31,456.19,457.3,427.0,432.22,214913.57229
2018-08-01,432.2,434.99,406.55,420.41,209570.0844
2018-08-02,420.37,425.52,407.43,410.62,178421.10672
2018-08-03,410.62,420.01,396.61,417.52,201156.61154
2018-08-04,417.58,419.53,401.86,407.21,179498.57515
2018-08-05,407.21,413.24,400.16,408.79,158913.77206
2018-08-06,408.77,413.28,397.08,405.28,166496.42465
2018-08-07,405.19,412.76,369.19,378.21,207706.11078
2018-08-08,378.2,380.42,347.25,355.48,275047.10788
2018-08-09,355.48,369.9,350.51,363.3,244268.20567
2018-08-10,363.21,365.87,325.95,331.81,264274.13378
2018-08-11,331.88,332.98,304.45,317.69,335634.67243
2018-08-12,317.49,327.13,313.42,317.89,135524.79994
2018-08-13,317.96,321.99,280.68,283.81,307713.22214
2018-08-14,283.81,283.81,250.0,278.41,485174.37541
2018-08-15,278.47,304.45,276.3,281.12,438620.64156
2018-08-16,281.46,298.6,277.55,287.17,235665.2551
2018-08-17,286.84,318.0,285.0,317.51,342556.46068
2018-08-18,317.51,321.33,281.79,294.11,384021.38829
2018-08-19,294.1,307.4,288.2,299.42,288483.44841
2018-08-20,299.3,304.04,269.5,270.51,219153.78936
2018-08-21,270.51,285.9,269.7,281.21,224701.57671
2018-08-22,281.09,298.89,259.5,270.8,403936.78303
2018-08-23,270.68,280.3,267.55,275.99,277304.60909
2018-08-24,276.06,283.1,270.22,281.19,271850.21373
2018-08-25,281.05,282.71,275.99,277.55,253375.49477
2018-08-26,277.54,277.91,268.69,274.29,232525.9497
2018-08-27,274.17,288.15,271.59,287.71,281020.64727
2018-08-28,287.71,298.0,282.66,295.44,318323.28971
2018-08-29,295.44,297.0,283.55,288.4,324275.47324
2018-08-30,288.35,291.0,271.88,283.89,336993.14413
2018-08-31,283.9,289.0,276.59,281.41,302663.37038
2018-09-01,281.46,302.0,281.34,295.71,294944.4401
2018-09-02,295.8,299.33,288.87,295.41,153300.06112
2018-09-03,295.51,296.62,285.99,289.09,274753.70062
2018-09-04,289.09,292.64,283.0,285.3,330102.19
2018-09-05,285.18,287.62,227.0,228.53,528734.3196
2018-09-06,228.28,233.19,212.0,229.7,552996.86567
2018-09-07,229.73,234.69,213.5,215.22,398379.81741
2018-09-08,215.19,220.2,190.01,196.71,318859.84904
2018-09-09,196.87,208.6,185.02,195.81,429255.02592
2018-09-10,196.13,203.42,187.1,197.15,418489.86663
2018-09-11,197.22,200.2,176.16,185.18,476745.79216
2018-09-12,185.14,185.22,167.32,183.12,504047.79165
2018-09-13,183.17,215.0,183.15,210.68,739503.34051
2018-09-14,210.91,224.2,202.6,208.82,833945.82573
2018-09-15,208.55,227.42,207.64,221.29,441046.52933
2018-09-16,221.62,223.5,208.1,220.17,425538.57709
2018-09-17,220.24,225.0,192.4,196.16,825020.77445
2018-09-18,196.25,215.47,193.47,208.17,584366.15014
2018-09-19,208.42,214.84,197.58,209.79,496100.46639
2018-09-20,209.79,226.68,205.56,224.0,573632.24236
2018-09-21,224.0,252.11,220.66,247.73,841029.12948
2018-09-22,247.67,255.13,232.7,241.01,423740.7403
2018-09-23,241.01,249.73,237.0,244.5,235214.14917
2018-09-24,244.54,246.2,225.3,228.06,350139.1505
2018-09-25,228.06,228.1,203.61,219.62,710650.7097
2018-09-26,219.5,223.6,207.5,214.42,613754.27743
2018-09-27,214.38,234.0,205.01,229.13,582274.44087
2018-09-28,229.1,234.42,215.53,221.84,618434.62488
2018-09-29,221.89,237.77,214.18,231.62,604000.95586
2018-09-30,231.62,239.0,226.5,232.94,432195.44084
2018-10-01,233.04,235.88,224.46,231.61,322900.46128
2018-10-02,231.62,232.51,223.37,225.69,401305.32707
2018-10-03,225.7,226.43,216.51,220.77,275609.26221
2018-10-04,220.67,227.16,219.49,222.66,158137.42967
2018-10-05,222.66,231.75,219.35,228.37,137730.35786
2018-10-06,228.36,228.86,223.15,225.4,100257.5697
2018-10-07,225.39,227.75,221.48,226.14,74733.67253
2018-10-08,226.26,232.7,224.21,230.01,210989.42202
2018-10-09,230.01,231.02,226.56,228.4,100246.1843
2018-10-10,228.4,228.78,224.05,226.74,122748.21412
2018-10-11,226.7,226.91,189.01,191.58,497258.82871
2018-10-12,191.55,201.87,190.04,196.96,216448.3922
2018-10-13,196.96,202.78,196.27,201.3,107215.5262
2018-10-14,201.39,203.56,194.33,197.01,110554.19361
2018-10-15,196.84,239.0,194.6,214.39,973857.7477
2018-10-16,214.39,219.95,211.55,215.09,145980.09837
2018-10-17,215.2,216.99,210.0,212.85,153768.85024
2018-10-18,212.9,215.3,203.53,206.24,150229.60097
2018-10-19,206.25,208.0,204.21,205.0,254660.48637
2018-10-20,205.1,209.69,203.57,207.91,62376.6968
2018-10-21,207.91,211.99,206.74,207.49,83277.36128
2018-10-22,207.46,209.3,205.0,206.67,206046.89963
2018-10-23,206.67,207.8,202.14,205.85,112753.0414
2018-10-24,205.85,207.95,204.73,205.35,97128.82698
2018-10-25,205.35,205.94,202.88,203.93,77411.57217
2018-10-26,203.84,209.0,203.0,204.92,91143.83291
2018-10-27,204.92,206.15,203.09,204.45,50235.68329
2018-10-28,204.45,205.94,203.62,204.99,44394.83357
2018-10-29,204.99,205.49,195.28,196.96,118281.82272
2018-10-30,196.95,198.6,195.91,197.27,83633.81463
2018-10-31,197.24,201.45,193.01,198.73,114739.70424
2018-11-01,198.7,200.95,197.88,199.96,86097.98629
2018-11-02,199.93,203.74,199.34,202.35,97123.22813
2018-11-03,202.31,202.69,198.59,200.31,72084.92932
2018-11-04,200.27,218.76,199.0,212.11,182534.6216
2018-11-05,212.13,213.39,207.62,210.66,141432.1406
2018-11-06,210.64,221.25,209.11,220.74,197797.49527
2018-11-07,220.77,224.8,217.01,219.07,204931.0342
2018-11-08,219.06,220.78,212.49,212.79,189828.4945
2018-11-09,212.79,215.51,209.1,210.77,152215.94686
2018-11-10,210.78,215.55,209.02,213.25,131384.47893
2018-11-11,213.27,213.99,209.0,212.54,136268.81156
2018-11-12,212.6,214.22,210.9,212.89,99963.97203
2018-11-13,212.91,213.8,209.2,209.84,114466.36708
2018-11-14,209.84,210.3,176.16,187.43,434676.16832
2018-11-15,187.43,190.0,170.99,184.35,452416.10784
2018-11-16,184.35,185.0,173.0,176.89,241710.34763
2018-11-17,176.93,177.91,173.94,176.2,144804.70986
2018-11-18,176.2,182.94,176.1,178.97,141736.32263
2018-11-19,179.04,179.33,146.47,150.81,596789.83916
2018-11-20,150.76,154.7,126.95,133.82,996552.28721
2018-11-21,133.68,142.01,127.15,138.23,718957.78552
2018-11-22,138.36,140.4,125.64,126.63,334674.07185
2018-11-23,126.58,128.9,118.56,125.02,504352.24386
2018-11-24,125.0,130.81,112.32,114.89,471321.56764
2018-11-25,114.83,122.35,102.95,118.67,836233.31252
2018-11-26,118.65,121.5,106.41,110.68,679477.36231
2018-11-27,110.66,114.31,102.36,111.43,524024.40616
2018-11-28,111.38,126.8,111.37,122.9,578552.74124
2018-11-29,122.88,124.0,114.78,117.98,478777.39614
2018-11-30,117.99,120.26,111.09,113.73,418593.63529
2018-12-01,113.71,120.8,111.35,118.1,330159.06742
2018-12-02,118.09,120.73,116.0,116.57,273657.6215
2018-12-03,116.63,116.96,106.7,108.76,324446.03324
2018-12-04,108.76,113.2,106.0,109.94,275321.0063
2018-12-05,109.92,110.58,102.38,102.71,354071.53241
2018-12-06,102.73,104.68,90.2,91.0,586138.59043
2018-12-07,91.18,96.9,82.07,93.05,1030073.58467
2018-12-08,93.06,98.0,84.55,90.38,698217.12529
2018-12-09,90.39,98.7,88.63,93.26,520519.36023
2018-12-10,93.26,95.21,88.11,89.91,408573.02929
2018-12-11,89.88,91.65,85.83,87.76,339991.84246
2018-12-12,87.77,91.31,86.63,89.41,285436.04029
2018-12-13,89.39,90.71,84.71,86.34,331218.30083
2018-12-14,86.35,87.25,82.2,83.82,318003.73427
2018-12-15,83.82,85.0,81.79,83.76,217360.65775
2018-12-16,83.75,87.64,83.73,84.67,241366.76305
2018-12-17,84.68,97.0,84.4,94.02,472252.23388
2018-12-18,94.03,101.3,91.34,100.39,529946.79175
2018-12-19,100.39,107.55,97.75,98.74,827748.59096
2018-12-20,98.73,116.0,97.88,114.05,859612.57205
2018-12-21,113.71,118.0,104.76,107.69,666048.71786
2018-12-22,107.67,115.5,105.38,115.2,405672.83117
2018-12-23,115.18,131.94,114.91,129.03,936094.1049
2018-12-24,129.03,157.67,128.8,138.03,1319609.8165
2018-12-25,138.01,139.26,119.68,127.6,1076164.12809
2018-12-26,127.61,135.32,122.51,129.35,794834.05601
2018-12-27,129.35,131.09,111.22,113.8,752177.90111
2018-12-28,113.75,136.66,111.87,135.3,894454.19051
2018-12-29,135.3,145.42,128.5,132.89,1006654.49844
2018-12-30,133.0,139.0,127.03,137.77,704259.41614
2018-12-31,137.81,138.66,128.7,131.45,484604.83962
2019-01-01,131.45,140.67,130.0,139.1,401776.88797
2019-01-02,139.1,155.37,137.76,152.01,941486.31524
2019-01-03,152.01,153.64,143.11,146.3,708091.31714
2019-01-04,146.3,154.8,143.54,151.97,805248.93821
2019-01-05,152.08,159.26,151.2,152.83,773169.13736
2019-01-06,152.83,157.4,147.51,153.86,627908.47366
2019-01-07,153.89,155.48,147.86,149.34,424765.30258
2019-01-08,149.29,151.65,145.2,147.6,441661.06778
2019-01-09,147.62,151.5,146.77,148.1,299443.563
2019-01-10,148.11,149.45,121.0,124.95,871751.75038
2019-01-11,124.96,127.36,120.08,124.65,545293.98369
2019-01-12,124.67,126.19,122.0,123.35,300262.13404
2019-01-13,123.35,124.25,111.87,114.16,422561.96777
2019-01-14,114.17,130.05,113.94,126.95,546420.40854
2019-01-15,126.95,129.4,116.0,118.95,649020.5297
2019-01-16,118.93,126.88,118.52,121.48,513486.65472
2019-01-17,121.49,122.99,116.8,121.54,447535.22716
2019-01-18,121.56,121.98,117.66,119.17,235646.684
2019-01-19,119.16,125.29,119.14,122.6,323303.79296
2019-01-20,122.61,123.32,115.68,117.47,451792.85352
2019-01-21,117.56,118.5,113.61,115.63,303632.93463
2019-01-22,115.62,119.49,111.39,117.81,359542.63873
2019-01-23,117.8,118.95,114.8,116.44,230247.61578
2019-01-24,116.4,117.15,113.61,116.39,216242.29829
2019-01-25,116.4,117.5,114.3,115.11,198617.08108
2019-01-26,115.13,118.0,115.0,115.34,146216.82819
2019-01-27,115.32,116.15,111.04,112.05,247369.60555
2019-01-28,112.04,112.87,100.91,105.5,566205.78288
2019-01-29,105.49,106.61,102.22,104.45,319768.91348
2019-01-30,104.41,109.8,103.45,108.29,330968.19265
2019-01-31,108.29,110.61,105.46,106.44,290679.61935
2019-02-01,106.47,108.35,103.77,106.73,243149.88435
2019-02-02,106.71,111.15,106.07,110.42,186908.7573
2019-02-03,110.41,111.11,105.82,107.36,227211.54064
2019-02-04,107.33,109.3,106.57,107.68,160850.10293
2019-02-05,107.65,108.18,106.47,107.27,159730.1886
2019-02-06,107.28,107.83,101.21,104.5,337204.30254
2019-02-07,104.49,106.18,103.82,104.48,147942.07683
2019-02-08,104.48,123.0,103.41,119.25,589950.64925
2019-02-09,119.32,121.99,117.64,119.19,328067.9574
2019-02-10,119.19,126.49,115.81,125.12,385819.09619
2019-02-11,125.12,125.28,119.24,120.89,389405.30404
2019-02-12,120.88,123.89,118.18,122.41,343765.66987
2019-02-13,122.4,126.47,120.7,121.86,317827.31956
2019-02-14,121.86,124.5,120.1,120.42,297205.78738
2019-02-15,120.47,124.25,120.19,121.67,255296.0814
2019-02-16,121.66,124.99,121.54,122.67,215320.70134
2019-02-17,122.67,135.61,122.43,133.75,614788.60078
2019-02-18,133.77,148.3,132.42,145.69,1079830.1502
2019-02-19,145.69,150.0,142.36,143.44,747968.90445
2019-02-20,143.45,149.52,139.6,148.44,614303.61007
2019-02-21,148.42,149.61,142.7,145.69,447364.40873
2019-02-22,145.68,148.85,143.85,147.36,366251.18542
2019-02-23,147.4,159.6,145.78,157.79,588183.72896
2019-02-24,157.75,166.0,131.7,132.1,1260506.80672
2019-02-25,132.1,141.55,131.89,137.87,801147.09543
2019-02-26,137.88,138.41,133.72,136.22,432944.17033
2019-02-27,136.22,140.29,126.84,135.02,567202.61035
2019-02-28,135.03,139.0,132.1,135.34,579327.31749
2019-03-01,135.32,137.95,134.9,135.32,302632.02831
2019-03-02,135.32,136.12,130.03,132.56,297005.28093
2019-03-03,132.54,134.6,128.01,130.6,222453.2859
2019-03-04,130.6,131.11,122.6,125.65,403947.79445
2019-03-05,125.68,137.84,125.19,136.72,512631.23178
2019-03-06,136.71,140.29,133.33,137.4,428826.87415
2019-03-07,137.37,140.2,135.2,136.81,307336.4931
2019-03-08,136.82,139.34,130.62,133.52,330283.58233
2019-03-09,133.51,138.65,132.93,137.27,279861.12049
2019-03-10,137.27,137.5,134.0,135.37,203965.16815
2019-03-11,135.37,136.15,131.0,132.67,264587.00683
2019-03-12,132.67,135.3,130.77,133.57,194905.96843
2019-03-13,133.62,133.65,130.58,131.65,209456.09848
2019-03-14,131.69,135.11,128.52,132.2,258413.81868
2019-03-15,132.24,137.62,132.18,136.56,295832.26562
2019-03-16,136.6,144.47,136.51,140.92,474664.10197
2019-03-17,140.94,141.07,137.2,138.67,252697.08148
2019-03-18,138.67,142.01,136.1,137.59,281718.96195
2019-03-19,137.62,139.38,136.97,138.55,218577.45208
2019-03-20,138.56,139.66,136.01,139.01,222883.51754
2019-03-21,139.04,139.55,131.21,134.85,312531.39368
2019-03-22,134.85,137.2,134.29,135.98,186119.74745
2019-03-23,135.92,138.21,135.6,137.28,174710.43059
2019-03-24,137.28,137.37,134.75,136.09,198490.45124
2019-03-25,136.12,136.83,131.6,133.98,230880.285
2019-03-26,133.97,134.74,132.27,134.18,183139.11426
2019-03-27,134.14,140.14,133.84,139.45,317167.45325
2019-03-28,139.46,139.57,137.3,137.86,163185.6991
2019-03-29,137.85,143.6,137.62,143.25,235853.0454
2019-03-30,143.25,145.89,140.06,142.46,254798.70067
2019-03-31,142.44,142.5,140.42,141.38,142469.21171
2019-04-01,141.41,143.08,139.57,141.24,234310.19161
2019-04-02,141.24,165.6,141.0,163.31,906868.8586
2019-04-03,163.26,177.81,149.23,159.96,1345344.53845
2019-04-04,159.96,164.0,152.8,157.36,686080.95248
2019-04-05,157.33,167.83,155.94,164.77,516070.34553
2019-04-06,164.84,172.77,159.2,165.5,528168.33297
2019-04-07,165.56,175.43,164.06,174.21,465507.52497
2019-04-08,174.29,185.87,170.9,178.72,873410.07285
2019-04-09,178.71,179.17,171.05,174.6,431986.36108
2019-04-10,174.58,183.77,168.0,177.12,523943.20498
2019-04-11,177.12,177.48,158.27,164.07,661305.30321
2019-04-12,164.06,166.5,158.11,163.19,316337.87823
2019-04-13,163.2,165.37,160.74,162.99,179237.74574
2019-04-14,162.99,168.11,161.2,167.23,186977.66211
2019-04-15,167.21,168.81,155.7,159.95,351548.9079
2019-04-16,159.91,166.73,159.41,165.37,240370.50441
2019-04-17,165.41,167.28,163.78,165.75,227841.54981
2019-04-18,165.75,175.2,165.04,173.33,396118.94407
2019-04-19,173.34,173.55,168.59,172.64,320541.72166
2019-04-20,172.66,176.97,169.87,172.88,253596.48407
2019-04-21,172.89,173.48,164.82,168.59,283450.43943
2019-04-22,168.59,172.3,167.0,170.52,269868.39876
2019-04-23,170.52,175.83,167.78,169.16,363523.34531
2019-04-24,169.15,169.87,159.26,164.78,426497.04153
2019-04-25,164.78,165.49,150.35,154.72,422657.03239
2019-04-26,154.7,162.56,151.4,157.95,500355.86283
2019-04-27,157.93,166.24,156.35,159.31,215918.63842
2019-04-28,159.32,160.24,156.92,157.85,152976.30181
2019-04-29,157.86,159.05,152.0,155.11,243591.94898
2019-04-30,155.14,162.89,155.11,161.83,305056.24653
2019-05-01,161.85,163.88,158.36,160.19,192517.62763
2019-05-02,160.2,163.48,158.5,161.81,289519.02025
2019-05-03,161.82,170.86,160.99,168.06,416357.52123
2019-05-04,168.1,171.3,159.76,163.7,312928.58349
2019-05-05,163.71,165.36,159.18,163.05,176029.10445
2019-05-06,163.05,178.05,157.55,173.0,506528.14278
2019-05-07,172.98,182.76,167.89,169.18,732496.87861
2019-05-08,169.07,173.17,164.8,170.85,296410.76103
2019-05-09,170.88,173.88,166.57,170.9,284663.99456
2019-05-10,170.96,176.7,168.46,172.91,425543.74021
2019-05-11,172.92,205.23,172.92,190.2,885292.38389
2019-05-12,190.2,204.32,181.0,188.11,823372.28148
2019-05-13,188.07,206.87,185.32,195.84,669265.46524
2019-05-14,195.83,219.81,194.19,216.4,864211.00603
2019-05-15,216.4,250.27,216.21,248.1,574697.29927
2019-05-16,248.06,279.76,241.76,264.25,1733360.8936
2019-05-17,264.35,268.74,223.43,244.3,1529892.56898
2019-05-18,244.31,248.0,230.62,233.6,673218.09982
2019-05-19,233.57,264.0,231.77,259.51,823859.06342
2019-05-20,259.37,259.49,238.0,250.37,666889.82241
2019-05-21,250.48,262.0,246.06,253.43,580249.69753
2019-05-22,253.35,260.18,239.63,243.64,592848.95605
2019-05-23,243.68,247.34,231.1,244.56,600193.89368
2019-05-24,244.63,254.35,241.54,248.87,447066.92596
2019-05-25,248.84,257.33,247.22,250.22,332544.38731
2019-05-26,250.17,269.4,245.11,264.45,450090.22324
2019-05-27,264.35,279.59,260.0,270.53,635463.50204
2019-05-28,270.7,275.95,264.45,271.03,409443.69364
2019-05-29,271.08,274.04,260.05,268.83,383412.45769
2019-05-30,268.92,288.62,240.14,254.56,1066279.49387
2019-05-31,254.59,268.72,245.21,267.9,602153.87244
2019-06-01,267.9,275.5,260.68,264.33,455676.98613
2019-06-02,264.33,273.2,263.2,268.88,301536.15062
2019-06-03,268.87,270.0,248.0,249.91,397360.65275
2019-06-04,250.02,251.67,234.39,241.39,633822.71246
2019-06-05,241.46,250.41,237.37,245.63,335953.37927
2019-06-06,245.62,250.66,235.01,248.76,297579.14734
2019-06-07,248.77,253.28,243.46,248.77,353378.6568
2019-06-08,248.78,250.53,240.37,243.25,188448.27748
2019-06-09,243.33,244.53,226.56,230.98,316931.85638
2019-06-10,231.02,247.45,227.03,246.51,314662.52637
2019-06-11,246.61,247.8,236.49,244.29,237508.42798
2019-06-12,244.36,261.87,242.2,261.15,336499.3016
2019-06-13,261.13,262.98,253.69,254.67,291757.21635
2019-06-14,254.67,264.26,251.75,262.47,327383.28236
2019-06-15,262.48,272.27,260.61,267.82,286594.98029
2019-06-16,267.78,277.06,263.31,267.73,458176.54236
2019-06-17,267.73,276.0,266.81,273.16,339277.66707
2019-06-18,273.14,273.58,261.45,264.66,319941.55156
2019-06-19,264.68,270.0,263.59,268.14,208375.68381
2019-06-20,268.16,273.63,265.71,271.22,200717.7737
2019-06-21,271.27,295.94,271.22,294.35,519818.06907
2019-06-22,294.25,314.39,289.69,310.79,726254.67061
2019-06-23,310.7,321.7,305.58,308.52,418812.02747
2019-06-24,308.42,314.41,298.0,311.64,352791.26964
2019-06-25,311.65,318.99,307.0,318.26,345559.65047
2019-06-26,318.29,366.8,315.57,339.39,1008551.28721
2019-06-27,339.53,347.0,280.01,298.35,1016826.449
2019-06-28,298.35,313.58,295.22,311.05,529174.47722
2019-06-29,310.95,324.74,295.18,317.62,425555.16264
2019-06-30,317.64,323.5,290.12,292.7,489028.56835
2019-07-01,292.89,303.49,280.13,295.07,489769.27421
2019-07-02,295.03,297.57,272.65,291.48,493772.96579
2019-07-03,291.47,302.89,285.0,301.14,370521.96637
2019-07-04,301.11,302.74,280.53,282.73,270791.36878
2019-07-05,282.86,294.89,280.78,287.47,261139.28341
2019-07-06,287.32,296.71,285.28,288.29,196064.64705
2019-07-07,288.29,309.69,284.25,304.72,246111.36595
2019-07-08,304.72,313.74,300.78,311.97,289607.34177
2019-07-09,311.96,318.19,302.69,307.46,309447.34927
2019-07-10,307.46,314.18,281.04,289.23,457080.94063
2019-07-11,289.23,289.23,262.12,268.63,501592.75211
2019-07-12,268.67,278.99,266.21,274.62,266734.54213
2019-07-13,274.53,275.04,262.2,268.79,205959.26849
2019-07-14,268.8,269.74,222.81,225.85,540052.58421
2019-07-15,225.83,235.58,203.08,228.2,715991.20688
2019-07-16,228.2,234.5,192.25,198.88,715604.83198
2019-07-17,198.94,219.86,191.84,210.81,694854.10132
2019-07-18,210.8,229.65,205.71,225.73,609081.49094
2019-07-19,225.75,226.23,212.52,220.73,371622.21865
2019-07-20,220.84,235.09,219.78,228.2,325393.97225
2019-07-21,228.25,229.66,216.99,225.38,270046.1519
2019-07-22,225.49,228.34,212.25,217.51,271310.40446
2019-07-23,217.59,219.55,208.36,212.48,317876.48242
2019-07-24,212.55,218.28,202.0,216.31,331162.6484
2019-07-25,216.31,225.12,215.23,219.14,280370.29627
2019-07-26,219.14,220.0,212.71,218.81,197781.98653
2019-07-27,218.81,223.3,203.0,207.3,301209.41113
2019-07-28,207.3,213.52,198.24,211.62,218801.16693
2019-07-29,211.58,215.83,206.59,210.89,226941.28
2019-07-30,210.84,214.36,204.4,209.58,222683.79393
2019-07-31,209.57,218.79,209.2,218.42,207213.55658
2019-08-01,218.42,219.39,210.54,216.84,186806.18844
2019-08-02,216.8,222.18,214.31,217.61,206867.03039
2019-08-03,217.69,224.51,216.62,222.14,181591.95296
2019-08-04,222.14,223.34,216.9,221.79,135622.0258
2019-08-05,221.79,236.25,221.79,233.54,307956.27211
2019-08-06,233.53,239.15,223.03,226.28,341279.08159
2019-08-07,226.31,231.25,220.95,226.1,279104.7037
2019-08-08,226.11,228.5,215.51,221.39,236886.35423
2019-08-09,221.38,221.79,207.3,210.53,232062.12757
2019-08-10,210.52,215.0,202.6,206.48,252614.02389
2019-08-11,206.48,216.94,206.14,216.42,188474.09048
2019-08-12,216.41,216.81,209.75,211.41,122760.94619
2019-08-13,211.58,214.3,204.0,209.3,166922.48201
2019-08-14,209.31,209.9,183.49,187.1,325228.98931
2019-08-15,187.08,189.95,181.23,188.03,237953.09426
2019-08-16,187.98,188.39,178.04,184.88,282177.01584
2019-08-17,184.83,187.0,181.83,185.59,138799.61508
2019-08-18,185.67,197.91,183.35,194.33,175363.5062
2019-08-19,194.32,203.59,192.7,202.28,239541.5978
2019-08-20,202.24,202.75,194.45,196.6,189297.75494
2019-08-21,196.55,197.2,179.53,187.45,284973.64194
2019-08-22,187.45,195.14,182.8,190.35,245575.98772
2019-08-23,190.36,196.19,188.16,194.02,192548.51552
2019-08-24,194.02,194.09,185.63,190.6,167806.34294
2019-08-25,190.6,192.4,182.8,186.54,169862.91522
2019-08-26,186.54,193.7,186.0,188.67,254397.79472
2019-08-27,188.61,189.49,184.75,187.24,157898.563
2019-08-28,187.3,188.25,166.48,173.03,334480.61761
2019-08-29,173.03,173.5,163.61,169.01,295241.216
2019-08-30,169.03,170.77,165.55,168.5,238616.68868
2019-08-31,168.48,174.98,165.63,171.57,194999.19583
2019-09-01,171.52,173.42,167.61,170.74,191140.52368
2019-09-02,170.73,181.0,170.02,178.05,294627.31247
2019-09-03,178.0,183.0,174.09,178.75,327857.85447
2019-09-04,178.79,180.14,173.0,174.72,286226.25171
2019-09-05,174.7,176.19,168.1,173.75,232753.83596
2019-09-06,173.74,177.87,165.0,169.08,315822.37984
2019-09-07,169.11,180.8,168.3,177.62,253831.23169
2019-09-08,177.58,184.18,176.13,181.19,290083.47501
2019-09-09,181.18,185.38,176.01,180.54,273729.94868
2019-09-10,180.52,184.36,177.0,179.81,238387.50999
2019-09-11,179.87,182.8,173.0,178.28,278555.46708
2019-09-12,178.3,182.38,176.62,180.72,203543.13663
2019-09-13,180.71,181.38,177.54,180.95,264422.54059
2019-09-14,180.96,188.79,179.75,188.13,279371.83423
2019-09-15,188.14,190.45,185.76,189.03,288928.60827
2019-09-16,189.05,199.44,188.3,197.22,551006.81686
2019-09-17,197.23,215.13,195.74,207.84,715863.2262
2019-09-18,207.85,217.27,207.66,210.21,539028.51013
2019-09-19,210.27,223.94,202.3,220.24,844358.82155
2019-09-20,220.26,221.54,212.05,218.03,437804.12669
2019-09-21,218.01,221.5,213.2,215.05,417891.5242
2019-09-22,215.04,215.61,206.1,211.2,445388.94787
2019-09-23,211.2,211.68,198.65,201.29,392437.07084
2019-09-24,201.25,202.98,150.03,165.81,1478218.82714
2019-09-25,165.72,174.85,161.88,169.96,879001.46213
2019-09-26,169.96,171.01,152.11,165.92,779942.17148
2019-09-27,165.92,176.72,161.03,173.79,634932.96707
2019-09-28,173.83,175.49,168.0,173.49,521775.46593
2019-09-29,173.5,174.5,164.12,169.24,410855.12176
2019-09-30,169.26,181.24,165.01,180.85,580295.3997
2019-10-01,180.89,185.53,173.19,175.66,609819.60828
2019-10-02,175.65,181.29,173.65,180.24,348268.1162
2019-10-03,180.24,180.72,169.55,174.69,354756.78478
2019-10-04,174.71,178.98,170.74,175.55,333897.63876
2019-10-05,175.55,176.71,172.02,176.25,278488.61771
2019-10-06,176.23,177.04,167.68,170.1,314932.39629
2019-10-07,170.08,182.32,168.68,179.85,496523.48038
2019-10-08,179.88,184.87,177.0,180.6,400832.37828
2019-10-09,180.61,195.53,178.96,192.62,562506.82189
2019-10-10,192.61,194.2,186.88,191.14,436588.58452
2019-10-11,191.18,196.65,179.41,180.72,621693.63125
2019-10-12,180.65,184.64,177.59,179.68,290415.22038
2019-10-13,179.65,184.95,178.52,180.99,247589.23231
2019-10-14,180.98,187.54,180.43,186.72,279732.84612
2019-10-15,186.7,188.37,175.96,180.49,405466.38109
2019-10-16,180.52,181.44,171.81,174.47,347764.93459
2019-10-17,174.52,178.96,172.61,177.16,298795.8198
2019-10-18,177.17,177.44,168.66,172.74,319602.48508
2019-10-19,172.78,174.98,169.44,171.79,296918.73026
2019-10-20,171.84,176.88,169.21,175.22,299141.07152
2019-10-21,175.18,177.9,171.59,173.98,270608.51385
2019-10-22,174.0,175.04,170.3,171.2,255429.41624
2019-10-23,171.19,171.49,153.45,162.35,746955.09806
2019-10-24,162.35,163.72,158.72,160.38,387310.83766
2019-10-25,160.39,187.78,160.25,181.5,904832.86059
2019-10-26,181.53,197.74,173.8,179.49,1211737.43684
2019-10-27,179.42,188.7,176.22,183.75,724423.40525
2019-10-28,183.84,189.48,180.35,181.72,582179.44545
2019-10-29,181.67,192.74,181.26,190.46,529964.5054
2019-10-30,190.45,191.71,179.28,183.13,537770.43056
2019-10-31,183.14,185.27,177.66,182.18,410969.86104
2019-11-01,182.19,184.5,177.02,182.85,331519.76963
2019-11-02,182.86,186.0,181.53,182.91,179864.39739
2019-11-03,182.9,184.7,178.95,181.54,232621.52147
2019-11-04,181.53,188.64,180.36,185.71,321175.29134
2019-11-05,185.71,192.51,182.22,188.68,389668.6472
2019-11-06,188.65,195.09,187.72,191.16,343219.9224
2019-11-07,191.16,192.27,184.59,186.68,309882.08206
2019-11-08,186.67,188.26,181.41,183.74,365029.75027
2019-11-09,183.71,185.79,182.63,184.89,192073.38044
2019-11-10,184.86,191.58,183.3,188.96,274940.53448
2019-11-11,188.96,190.19,184.06,184.98,255579.93429
2019-11-12,184.98,187.65,182.41,187.09,256782.63119
2019-11-13,187.09,189.66,185.3,188.11,197273.84001
2019-11-14,188.07,188.72,183.34,184.92,245505.29971
2019-11-15,184.93,186.7,177.67,180.0,407466.78964
2019-11-16,179.99,183.46,179.3,182.37,172801.52576
2019-11-17,182.37,186.09,180.0,183.82,198892.4372
2019-11-18,183.82,184.06,175.01,178.2,293551.23632
2019-11-19,178.2,178.52,172.65,175.94,275886.6411
2019-11-20,175.93,177.41,173.5,174.72,216315.93309
2019-11-21,174.75,175.85,157.26,161.01,473895.92992
2019-11-22,161.02,162.79,138.0,149.56,977977.23794
2019-11-23,149.55,154.33,146.11,151.84,369721.0996
2019-11-24,151.84,152.86,138.62,139.96,352319.21558
2019-11-25,139.99,151.5,131.45,145.69,749675.41303
2019-11-26,145.81,149.97,143.37,147.47,354023.04298
2019-11-27,147.47,155.54,140.84,152.62,564796.4284
2019-11-28,152.61,154.63,149.09,150.72,317714.56326
2019-11-29,150.69,157.6,150.23,154.57,328712.25558
2019-11-30,154.54,155.25,149.7,151.37,226863.41299
2019-12-01,151.43,152.49,145.79,150.73,344178.14088
2019-12-02,150.72,151.42,146.71,148.65,233839.0973
2019-12-03,148.66,149.93,145.77,147.17,196329.22503
2019-12-04,147.19,151.98,143.15,145.38,434430.62379
2019-12-05,145.45,149.02,143.64,148.1,299073.53972
2019-12-06,148.11,149.77,145.74,148.45,220674.68581
2019-12-07,148.46,149.49,146.85,147.14,140471.68588
2019-12-08,147.16,151.62,146.11,150.44,205301.6026
2019-12-09,150.44,151.19,146.56,147.38,243775.99249
2019-12-10,147.4,148.57,143.81,145.56,203215.84937
2019-12-11,145.53,146.34,142.12,143.39,157843.10484
2019-12-12,143.41,145.85,139.24,144.87,261615.30437
2019-12-13,144.87,146.0,142.8,144.8,160695.18556
2019-12-14,144.8,145.07,141.18,141.79,126232.59201
2019-12-15,141.79,144.12,139.92,142.46,151189.65877
2019-12-16,142.46,142.72,127.93,132.73,471018.85942
2019-12-17,132.72,132.98,119.11,121.88,563257.36001
2019-12-18,121.88,134.87,116.26,132.78,884960.91334
2019-12-19,132.8,134.0,125.69,128.1,420674.8172
2019-12-20,128.1,129.39,125.84,128.19,213897.4673
2019-12-21,128.19,128.4,126.5,126.99,135196.11641
2019-12-22,127.0,133.07,126.82,132.09,253140.72413
2019-12-23,132.12,135.1,126.0,127.8,421600.75655
2019-12-24,127.8,129.69,126.61,127.75,200637.10098
2019-12-25,127.7,127.84,123.07,125.09,225004.4909
2019-12-26,125.09,132.26,124.32,125.58,274986.52097
2019-12-27,125.58,127.1,121.91,126.29,240012.37451
2019-12-28,126.28,129.68,125.84,128.11,196893.52277
2019-12-29,128.11,138.07,127.52,134.36,316347.26666
2019-12-30,134.36,136.24,130.3,131.59,320347.21956
2019-12-31,131.61,133.68,128.17,129.16,264933.98418
2020-01-01,129.16,133.05,128.68,130.77,144770.52197
2020-01-02,130.72,130.78,126.38,127.19,213757.05806
2020-01-03,127.19,135.14,125.88,134.35,413055.18895
2020-01-04,134.37,135.85,132.5,134.2,184276.17102
2020-01-05,134.2,138.19,134.19,135.37,254120.45343
2020-01-06,135.37,144.41,134.86,144.15,408020.27375
2020-01-07,144.14,145.31,138.76,142.8,447762.17281
2020-01-08,142.8,147.77,137.03,140.72,570465.57764
2020-01-09,140.76,141.5,135.3,137.74,366076.06569
2020-01-10,137.73,145.17,135.32,144.84,409403.59507
2020-01-11,144.83,148.05,142.09,142.38,368350.57939
2020-01-12,142.4,146.6,141.76,146.54,229541.86137
2020-01-13,146.56,147.0,142.27,143.58,207996.61865
2020-01-14,143.58,171.7,143.51,165.64,1108476.31186
2020-01-15,165.6,171.98,159.2,166.4,721687.80381
2020-01-16,166.4,167.4,157.8,164.21,456170.86719
2020-01-17,164.24,174.81,162.14,169.85,767180.67853
2020-01-18,169.92,179.5,164.92,174.14,688783.17982
2020-01-19,174.1,178.05,161.66,166.79,624681.28604
2020-01-20,166.79,169.33,161.24,166.87,358092.8841
2020-01-21,166.86,170.32,164.8,169.49,308007.6353
2020-01-22,169.48,171.47,166.03,168.07,272240.90286
2020-01-23,168.07,168.2,159.21,162.81,373414.34985
2020-01-24,162.85,164.45,155.55,162.54,430013.19902
2020-01-25,162.51,162.79,157.61,160.35,219921.65197
2020-01-26,160.36,168.08,159.41,167.86,251582.55758
2020-01-27,167.91,172.56,165.22,170.08,365894.81917
2020-01-28,170.04,176.2,170.03,175.64,473433.89609
2020-01-29,175.58,178.45,173.33,173.72,317382.90161
2020-01-30,173.68,187.0,170.93,184.69,477721.6609
2020-01-31,184.71,185.82,175.22,179.99,385596.53365
2020-02-01,179.94,184.28,179.23,183.6,259370.12902
2020-02-02,183.63,193.43,179.1,188.44,552621.13619
2020-02-03,188.48,195.19,186.62,189.69,417175.95781
2020-02-04,189.74,191.6,184.69,185.72,239765.30589
